dataset,layer,probe_type,accuracy,precision,recall,f1,auroc,confidence,num_samples
validation,0,logistic,0.9593495726585388,0.9821428656578064,0.9322034120559692,0.95652174949646,0.9772245762711865,0.4572146534919739,123
validation,1,logistic,0.9837397933006287,0.9672130942344666,1.0,0.9833332896232605,0.9782838983050848,0.4933083653450012,123
validation,34,logistic,0.9999999403953552,1.0,1.0,1.0,1.0,0.4799947142601013,123
validation,35,logistic,0.9999999403953552,1.0,1.0,1.0,1.0,0.47979050874710083,123
test,0,logistic,0.6172506809234619,1.0,0.6172506809234619,0.7633333206176758,,0.5958644151687622,371
test,1,logistic,0.973045825958252,1.0,0.973045825958252,0.9863387942314148,,0.956941545009613,371
test,34,logistic,0.9002695083618164,1.0,0.9002695679664612,0.9475177526473999,,0.8560389280319214,371
test,35,logistic,0.9110512137413025,1.0,0.9110512137413025,0.9534555673599243,,0.8773100972175598,371
