train_datasets,test_dataset,layer,probe_type,accuracy,precision,recall,f1,auroc,confidence,num_samples
repe_honesty+ai_audit+werewolf+ai_liar+ai_liar_with,validation,0,logistic,0.62,0.5416666665914353,0.88636363616219,0.6724137882788347,0.726461038961039,0.5153604837098728,100
repe_honesty+ai_audit+werewolf+ai_liar+ai_liar_with,validation,1,logistic,0.69,0.5890410958097204,0.9772727270506198,0.7350427302242677,0.8299512987012987,0.5357567697877925,100
repe_honesty+ai_audit+werewolf+ai_liar+ai_liar_with,validation,26,logistic,0.68,0.5857142856306123,0.931818181606405,0.7192982407479226,0.833198051948052,0.5075702066368282,100
repe_honesty+ai_audit+werewolf+ai_liar+ai_liar_with,validation,27,logistic,0.69,0.5890410958097204,0.9772727270506198,0.7350427302242677,0.846185064935065,0.5214026344253013,100
repe_honesty+ai_audit+werewolf+ai_liar+ai_liar_with,roleplaying,0,logistic,0.5148247978436657,0.5102420856515784,0.7385444743736241,0.6035242242287111,0.5224315429268895,0.712307098688505,742
repe_honesty+ai_audit+werewolf+ai_liar+ai_liar_with,roleplaying,1,logistic,0.5134770889487871,0.5083892617364364,0.8167115902744821,0.6266804502732467,0.49471814357640526,0.800204198832201,742
repe_honesty+ai_audit+werewolf+ai_liar+ai_liar_with,roleplaying,26,logistic,0.4568733153638814,0.46707818929080086,0.6118598382584404,0.5297549542375304,0.42651535516306915,0.636580021840305,742
repe_honesty+ai_audit+werewolf+ai_liar+ai_liar_with,roleplaying,27,logistic,0.444743935309973,0.46139359697812815,0.6603773584727661,0.5432372456996033,0.4091513429864648,0.7081231106651594,742
